{"bbr": {"1": {"1": {"delay": 27.198, "loss": 0.000511033555144591, "tput": 11.758053809572875}, "all": {"delay": 27.198, "loss": 0.000511033555144591, "tput": 11.758053809572875}}}, "cubic": {"1": {"1": {"delay": 1666.181, "loss": 0.04817201069272181, "tput": 11.996083603298977}, "all": {"delay": 1666.181, "loss": 0.04817201069272181, "tput": 11.996083603298977}}}}