{"vegas": {"1": {"1": {"delay": 33.62, "loss": 0.0005568068242244317, "tput": 11.518385845452634}, "all": {"delay": 33.62, "loss": 0.0005568068242244317, "tput": 11.518385845452634}}}}